year_month_,total_revenue,total_units_sold
2024-01,14548.319999999992,68
2024-02,10803.369999999999,77
2024-03,12849.239999999996,82
2024-04,12451.689999999995,65
2024-05,8455.49,60
2024-06,7384.549999999998,61
2024-07,6797.08,53
2024-08,7278.109999999999,52
